<?xml version="1.0" encoding="UTF-8"?>
<project-private xmlns="http://www.netbeans.org/ns/project-private/1">
    <editor-bookmarks xmlns="http://www.netbeans.org/ns/editor-bookmarks/2" lastBookmarkId="0"/>
    <open-files xmlns="http://www.netbeans.org/ns/projectui-open-files/2">
        <group>
            <file>file:/C:/wamp/www/blue/dbconfig.php</file>
            <file>file:/C:/wamp/www/blue/despatch-cart.php</file>
            <file>file:/C:/wamp/www/blue/storereport.php</file>
            <file>file:/C:/wamp/www/blue/despatch.php</file>
            <file>file:/C:/wamp/www/blue/billingreport.php</file>
            <file>file:/C:/wamp/www/blue/store.php</file>
            <file>file:/C:/wamp/www/blue/ajax_action.php</file>
        </group>
    </open-files>
</project-private>
